step	dice_multi
0	0.49514460536162347
1	0.49514460536162347
2	0.8317936558605417
3	0.825271168057591
4	0.8404771026525804
