step	dice_multi
0	0.49514460536162347
1	0.6038180946357423
2	0.7741141527997544
3	0.8018063685740073
4	0.8488553070976248
