step	loss
0	0.19414488971233368
1	0.09294065088033676
2	0.06082678213715553
3	0.04390345886349678
4	0.03743290528655052
