step	loss
0	0.11020846664905548
1	0.07239358872175217
2	0.04581577703356743
3	0.042550988495349884
4	0.03783378377556801
