step	loss
0	0.49301406741142273
1	0.07632982730865479
2	0.06114790216088295
3	0.05174456909298897
4	0.044013410806655884
