step	loss
0	0.47813472151756287
1	0.06409397721290588
2	0.04655221477150917
3	0.039092354476451874
4	0.03461722657084465
