{
    "train": {
        "loss": 0.044013410806655884
    },
    "eval": {
        "loss": 0.03783378377556801
    },
    "dice_multi": 0.8404771026525804,
    "step": 4
}