{
    "train": {
        "loss": 0.03461722657084465
    },
    "eval": {
        "loss": 0.03743290528655052
    },
    "dice_multi": 0.8488553070976248,
    "step": 4
}